RED,PC
GREEN,PC
BLUE,PC
Yellow,PC
RED,PC
BLUE,PC
Yellow,PC
RED,PC
BLUE,PC
Yellow,PC
GREEN,PC
RED,PC
RED,PC
RED,PC
RED,PC
RED,PC
GREEN,PC
BLUE,PC
Yellow,PC
RED,PC
GREEN,PC
BLUE,PC
Yellow,PC
RED,PC
Yellow,PC
BLUE,PC
GREEN,PC
RED,PC
GREEN,PC
BLUE,PC
Yellow,PC
RED,PC
GREEN,PC
BLUE,PC
Yellow,PC
RED,PC
RED,PC
RED,PC
GREEN,PC
BLUE,PC
Yellow,PC
RED,PC
BLUE,PC
Yellow,PC
GREEN,PC
RED,PC
BLUE,PC
Yellow,PC
RED,PC
BLUE,PC
Yellow,PC
GREEN,PC
RED,PC
GREEN,PC
BLUE,PC
RED,PC
GREEN,PC
BLUE,PC
Yellow,PC
RED,PC
GREEN,PC
BLUE,PC
Yellow,PC
RED,PC
,
,
,
,
,
,
RED,PC
GREEN,PC
BLUE,PC
Yellow,PC
,
,
,
,
,
,
,
,
RED,PC
GREEN,PC
BLUE,PC
Yellow,PC
,
,
,
,
,
,
,
,
,
,
,
,
,
,
,
,
